,Week,Name1,Score1,Name2,Score2,Type
0,1,Team Fjöllin,95.32,I Am Beyonce Always,133.84,Regular
1,1,The Big Chungii,99.76,The Billyonaires,86.8,Regular
2,1,Wut da mup,82.16,Team Chad,65.44,Regular
3,1,Clink's Team,78.68,The Brady Bunch,104.56,Regular
4,1,The Devil and Daniel Jones,69.64,Tuanon,123.64,Regular
5,2,The Big Chungii,148.76,Team Fjöllin,138.86,Regular
6,2,I Am Beyonce Always,108.0,Wut da mup,110.98,Regular
7,2,The Billyonaires,102.42,Clink's Team,99.48,Regular
8,2,Team Chad,84.76,The Devil and Daniel Jones,85.04,Regular
9,2,The Brady Bunch,89.4,Tuanon,95.24,Regular
10,3,Team Fjöllin,124.52,Wut da mup,124.98,Regular
11,3,Clink's Team,128.06,The Big Chungii,101.48,Regular
12,3,The Devil and Daniel Jones,149.96,I Am Beyonce Always,139.18,Regular
13,3,Tuanon,101.96,The Billyonaires,67.68,Regular
14,3,The Brady Bunch,106.8,Team Chad,93.92,Regular
15,4,Clink's Team,142.7,Team Fjöllin,83.28,Regular
16,4,Wut da mup,137.24,The Devil and Daniel Jones,81.38,Regular
17,4,The Big Chungii,63.64,Tuanon,131.9,Regular
18,4,I Am Beyonce Always,104.82,The Brady Bunch,113.88,Regular
19,4,The Billyonaires,150.06,Team Chad,94.8,Regular
20,5,Team Fjöllin,103.92,The Devil and Daniel Jones,69.24,Regular
21,5,Tuanon,99.48,Clink's Team,97.22,Regular
22,5,The Brady Bunch,111.48,Wut da mup,102.84,Regular
23,5,Team Chad,176.06,The Big Chungii,56.76,Regular
24,5,The Billyonaires,116.32,I Am Beyonce Always,163.34,Regular
25,6,Tuanon,78.22,Team Fjöllin,102.58,Regular
26,6,The Devil and Daniel Jones,121.34,The Brady Bunch,119.78,Regular
27,6,Clink's Team,112.4,Team Chad,78.56,Regular
28,6,Wut da mup,96.62,The Billyonaires,113.6,Regular
29,6,The Big Chungii,97.24,I Am Beyonce Always,101.54,Regular
30,7,Team Fjöllin,66.34,The Brady Bunch,95.96,Regular
31,7,Team Chad,98.4,Tuanon,99.86,Regular
32,7,The Billyonaires,129.06,The Devil and Daniel Jones,113.96,Regular
33,7,I Am Beyonce Always,148.26,Clink's Team,92.46,Regular
34,7,The Big Chungii,103.8,Wut da mup,106.88,Regular
35,8,Team Chad,119.46,Team Fjöllin,119.56,Regular
36,8,The Brady Bunch,107.22,The Billyonaires,108.46,Regular
37,8,Tuanon,96.68,I Am Beyonce Always,120.24,Regular
38,8,The Devil and Daniel Jones,124.5,The Big Chungii,114.76,Regular
39,8,Clink's Team,126.02,Wut da mup,84.98,Regular
40,9,Team Fjöllin,0.0,The Billyonaires,0.0,Regular
41,9,I Am Beyonce Always,0.0,Team Chad,0.0,Regular
42,9,The Big Chungii,0.0,The Brady Bunch,0.0,Regular
43,9,Wut da mup,0.0,Tuanon,0.0,Regular
44,9,Clink's Team,0.0,The Devil and Daniel Jones,0.0,Regular
45,10,I Am Beyonce Always,0.0,Team Fjöllin,0.0,Regular
46,10,The Billyonaires,0.0,The Big Chungii,0.0,Regular
47,10,Team Chad,0.0,Wut da mup,0.0,Regular
48,10,The Brady Bunch,0.0,Clink's Team,0.0,Regular
49,10,Tuanon,0.0,The Devil and Daniel Jones,0.0,Regular
50,11,Team Fjöllin,0.0,The Big Chungii,0.0,Regular
51,11,Wut da mup,0.0,I Am Beyonce Always,0.0,Regular
52,11,Clink's Team,0.0,The Billyonaires,0.0,Regular
53,11,The Devil and Daniel Jones,0.0,Team Chad,0.0,Regular
54,11,Tuanon,0.0,The Brady Bunch,0.0,Regular
55,12,Wut da mup,0.0,Team Fjöllin,0.0,Regular
56,12,The Big Chungii,0.0,Clink's Team,0.0,Regular
57,12,I Am Beyonce Always,0.0,The Devil and Daniel Jones,0.0,Regular
58,12,The Billyonaires,0.0,Tuanon,0.0,Regular
59,12,Team Chad,0.0,The Brady Bunch,0.0,Regular
60,13,Wut da mup,0.0,The Billyonaires,0.0,Regular
61,13,Tuanon,0.0,Team Chad,0.0,Regular
62,13,I Am Beyonce Always,0.0,Team Fjöllin,0.0,Regular
63,13,The Devil and Daniel Jones,0.0,The Big Chungii,0.0,Regular
64,13,The Brady Bunch,0.0,Clink's Team,0.0,Regular
65,1,Team Fjöllin,95.32,I Am Beyonce Always,133.84,Regular
66,1,The Big Chungii,99.76,The Billyonaires,86.8,Regular
67,1,Wut da mup,82.16,Team Chad,65.44,Regular
68,1,Clink's Team,78.68,The Brady Bunch,104.56,Regular
69,1,The Devil and Daniel Jones,69.64,Tuanon,123.64,Regular
70,2,The Big Chungii,148.76,Team Fjöllin,138.86,Regular
71,2,I Am Beyonce Always,108.0,Wut da mup,110.98,Regular
72,2,The Billyonaires,102.42,Clink's Team,99.48,Regular
73,2,Team Chad,84.76,The Devil and Daniel Jones,85.04,Regular
74,2,The Brady Bunch,89.4,Tuanon,95.24,Regular
75,3,Team Fjöllin,124.52,Wut da mup,124.98,Regular
76,3,Clink's Team,128.06,The Big Chungii,101.48,Regular
77,3,The Devil and Daniel Jones,149.96,I Am Beyonce Always,139.18,Regular
78,3,Tuanon,101.96,The Billyonaires,67.68,Regular
79,3,The Brady Bunch,106.8,Team Chad,93.92,Regular
80,4,Clink's Team,142.7,Team Fjöllin,83.28,Regular
81,4,Wut da mup,137.24,The Devil and Daniel Jones,81.38,Regular
82,4,The Big Chungii,63.64,Tuanon,131.9,Regular
83,4,I Am Beyonce Always,104.82,The Brady Bunch,113.88,Regular
84,4,The Billyonaires,150.06,Team Chad,94.8,Regular
85,5,Team Fjöllin,103.92,The Devil and Daniel Jones,69.24,Regular
86,5,Tuanon,99.48,Clink's Team,97.22,Regular
87,5,The Brady Bunch,111.48,Wut da mup,102.84,Regular
88,5,Team Chad,176.06,The Big Chungii,56.76,Regular
89,5,The Billyonaires,116.32,I Am Beyonce Always,163.34,Regular
90,6,Tuanon,78.22,Team Fjöllin,102.58,Regular
91,6,The Devil and Daniel Jones,121.34,The Brady Bunch,119.78,Regular
92,6,Clink's Team,112.4,Team Chad,78.56,Regular
93,6,Wut da mup,96.62,The Billyonaires,113.6,Regular
94,6,The Big Chungii,97.24,I Am Beyonce Always,101.54,Regular
95,7,Team Fjöllin,66.34,The Brady Bunch,95.96,Regular
96,7,Team Chad,98.4,Tuanon,99.86,Regular
97,7,The Billyonaires,129.06,The Devil and Daniel Jones,113.96,Regular
98,7,I Am Beyonce Always,148.26,Clink's Team,92.46,Regular
99,7,The Big Chungii,103.8,Wut da mup,106.88,Regular
100,8,Team Chad,119.46,Team Fjöllin,119.56,Regular
101,8,The Brady Bunch,107.22,The Billyonaires,108.46,Regular
102,8,Tuanon,96.68,I Am Beyonce Always,120.24,Regular
103,8,The Devil and Daniel Jones,124.5,The Big Chungii,114.76,Regular
104,8,Clink's Team,126.02,Wut da mup,84.98,Regular
105,9,Team Fjöllin,0.0,The Billyonaires,0.0,Regular
106,9,I Am Beyonce Always,0.0,Team Chad,0.0,Regular
107,9,The Big Chungii,0.0,The Brady Bunch,0.0,Regular
108,9,Wut da mup,0.0,Tuanon,0.0,Regular
109,9,Clink's Team,0.0,The Devil and Daniel Jones,0.0,Regular
110,10,I Am Beyonce Always,0.0,Team Fjöllin,0.0,Regular
111,10,The Billyonaires,0.0,The Big Chungii,0.0,Regular
112,10,Team Chad,0.0,Wut da mup,0.0,Regular
113,10,The Brady Bunch,0.0,Clink's Team,0.0,Regular
114,10,Tuanon,0.0,The Devil and Daniel Jones,0.0,Regular
115,11,Team Fjöllin,0.0,The Big Chungii,0.0,Regular
116,11,Wut da mup,0.0,I Am Beyonce Always,0.0,Regular
117,11,Clink's Team,0.0,The Billyonaires,0.0,Regular
118,11,The Devil and Daniel Jones,0.0,Team Chad,0.0,Regular
119,11,Tuanon,0.0,The Brady Bunch,0.0,Regular
120,12,Wut da mup,0.0,Team Fjöllin,0.0,Regular
121,12,The Big Chungii,0.0,Clink's Team,0.0,Regular
122,12,I Am Beyonce Always,0.0,The Devil and Daniel Jones,0.0,Regular
123,12,The Billyonaires,0.0,Tuanon,0.0,Regular
124,12,Team Chad,0.0,The Brady Bunch,0.0,Regular
125,13,Wut da mup,0.0,The Billyonaires,0.0,Regular
126,13,Tuanon,0.0,Team Chad,0.0,Regular
127,13,I Am Beyonce Always,0.0,Team Fjöllin,0.0,Regular
128,13,The Devil and Daniel Jones,0.0,The Big Chungii,0.0,Regular
129,13,The Brady Bunch,0.0,Clink's Team,0.0,Regular
130,1,Team Fjöllin,95.32,I Am Beyonce Always,133.84,Regular
131,1,The Big Chungii,99.76,The Billyonaires,86.8,Regular
132,1,Wut da mup,82.16,Team Chad,65.44,Regular
133,1,Clink's Team,78.68,The Brady Bunch,104.56,Regular
134,1,The Devil and Daniel Jones,69.64,Tuanon,123.64,Regular
135,2,The Big Chungii,148.76,Team Fjöllin,138.86,Regular
136,2,I Am Beyonce Always,108.0,Wut da mup,110.98,Regular
137,2,The Billyonaires,102.42,Clink's Team,99.48,Regular
138,2,Team Chad,84.76,The Devil and Daniel Jones,85.04,Regular
139,2,The Brady Bunch,89.4,Tuanon,95.24,Regular
140,3,Team Fjöllin,124.52,Wut da mup,124.98,Regular
141,3,Clink's Team,128.06,The Big Chungii,101.48,Regular
142,3,The Devil and Daniel Jones,149.96,I Am Beyonce Always,139.18,Regular
143,3,Tuanon,101.96,The Billyonaires,67.68,Regular
144,3,The Brady Bunch,106.8,Team Chad,93.92,Regular
145,4,Clink's Team,142.7,Team Fjöllin,83.28,Regular
146,4,Wut da mup,137.24,The Devil and Daniel Jones,81.38,Regular
147,4,The Big Chungii,63.64,Tuanon,131.9,Regular
148,4,I Am Beyonce Always,104.82,The Brady Bunch,113.88,Regular
149,4,The Billyonaires,150.06,Team Chad,94.8,Regular
150,5,Team Fjöllin,103.92,The Devil and Daniel Jones,69.24,Regular
151,5,Tuanon,99.48,Clink's Team,97.22,Regular
152,5,The Brady Bunch,111.48,Wut da mup,102.84,Regular
153,5,Team Chad,176.06,The Big Chungii,56.76,Regular
154,5,The Billyonaires,116.32,I Am Beyonce Always,163.34,Regular
155,6,Tuanon,78.22,Team Fjöllin,102.58,Regular
156,6,The Devil and Daniel Jones,121.34,The Brady Bunch,119.78,Regular
157,6,Clink's Team,112.4,Team Chad,78.56,Regular
158,6,Wut da mup,96.62,The Billyonaires,113.6,Regular
159,6,The Big Chungii,97.24,I Am Beyonce Always,101.54,Regular
160,7,Team Fjöllin,66.34,The Brady Bunch,95.96,Regular
161,7,Team Chad,98.4,Tuanon,99.86,Regular
162,7,The Billyonaires,129.06,The Devil and Daniel Jones,113.96,Regular
163,7,I Am Beyonce Always,148.26,Clink's Team,92.46,Regular
164,7,The Big Chungii,103.8,Wut da mup,106.88,Regular
165,8,Team Chad,119.46,Team Fjöllin,119.56,Regular
166,8,The Brady Bunch,107.22,The Billyonaires,108.46,Regular
167,8,Tuanon,96.68,I Am Beyonce Always,120.24,Regular
168,8,The Devil and Daniel Jones,124.5,The Big Chungii,114.76,Regular
169,8,Clink's Team,126.02,Wut da mup,84.98,Regular
170,9,Team Fjöllin,0.0,The Billyonaires,0.0,Regular
171,9,I Am Beyonce Always,0.0,Team Chad,0.0,Regular
172,9,The Big Chungii,0.0,The Brady Bunch,0.0,Regular
173,9,Wut da mup,0.0,Tuanon,0.0,Regular
174,9,Clink's Team,0.0,The Devil and Daniel Jones,0.0,Regular
175,10,I Am Beyonce Always,0.0,Team Fjöllin,0.0,Regular
176,10,The Billyonaires,0.0,The Big Chungii,0.0,Regular
177,10,Team Chad,0.0,Wut da mup,0.0,Regular
178,10,The Brady Bunch,0.0,Clink's Team,0.0,Regular
179,10,Tuanon,0.0,The Devil and Daniel Jones,0.0,Regular
180,11,Team Fjöllin,0.0,The Big Chungii,0.0,Regular
181,11,Wut da mup,0.0,I Am Beyonce Always,0.0,Regular
182,11,Clink's Team,0.0,The Billyonaires,0.0,Regular
183,11,The Devil and Daniel Jones,0.0,Team Chad,0.0,Regular
184,11,Tuanon,0.0,The Brady Bunch,0.0,Regular
185,12,Wut da mup,0.0,Team Fjöllin,0.0,Regular
186,12,The Big Chungii,0.0,Clink's Team,0.0,Regular
187,12,I Am Beyonce Always,0.0,The Devil and Daniel Jones,0.0,Regular
188,12,The Billyonaires,0.0,Tuanon,0.0,Regular
189,12,Team Chad,0.0,The Brady Bunch,0.0,Regular
190,13,Wut da mup,0.0,The Billyonaires,0.0,Regular
191,13,Tuanon,0.0,Team Chad,0.0,Regular
192,13,I Am Beyonce Always,0.0,Team Fjöllin,0.0,Regular
193,13,The Devil and Daniel Jones,0.0,The Big Chungii,0.0,Regular
194,13,The Brady Bunch,0.0,Clink's Team,0.0,Regular
195,1,Team Fjöllin,95.32,I Am Beyonce Always,133.84,Regular
196,1,The Big Chungii,99.76,The Billyonaires,86.8,Regular
197,1,Wut da mup,82.16,Team Chad,65.44,Regular
198,1,Clink's Team,78.68,The Brady Bunch,104.56,Regular
199,1,The Devil and Daniel Jones,69.64,Tuanon,123.64,Regular
200,2,The Big Chungii,148.76,Team Fjöllin,138.86,Regular
201,2,I Am Beyonce Always,108.0,Wut da mup,110.98,Regular
202,2,The Billyonaires,102.42,Clink's Team,99.48,Regular
203,2,Team Chad,84.76,The Devil and Daniel Jones,85.04,Regular
204,2,The Brady Bunch,89.4,Tuanon,95.24,Regular
205,3,Team Fjöllin,124.52,Wut da mup,124.98,Regular
206,3,Clink's Team,128.06,The Big Chungii,101.48,Regular
207,3,The Devil and Daniel Jones,149.96,I Am Beyonce Always,139.18,Regular
208,3,Tuanon,101.96,The Billyonaires,67.68,Regular
209,3,The Brady Bunch,106.8,Team Chad,93.92,Regular
210,4,Clink's Team,142.7,Team Fjöllin,83.28,Regular
211,4,Wut da mup,137.24,The Devil and Daniel Jones,81.38,Regular
212,4,The Big Chungii,63.64,Tuanon,131.9,Regular
213,4,I Am Beyonce Always,104.82,The Brady Bunch,113.88,Regular
214,4,The Billyonaires,150.06,Team Chad,94.8,Regular
215,5,Team Fjöllin,103.92,The Devil and Daniel Jones,69.24,Regular
216,5,Tuanon,99.48,Clink's Team,97.22,Regular
217,5,The Brady Bunch,111.48,Wut da mup,102.84,Regular
218,5,Team Chad,176.06,The Big Chungii,56.76,Regular
219,5,The Billyonaires,116.32,I Am Beyonce Always,163.34,Regular
220,6,Tuanon,78.22,Team Fjöllin,102.58,Regular
221,6,The Devil and Daniel Jones,121.34,The Brady Bunch,119.78,Regular
222,6,Clink's Team,112.4,Team Chad,78.56,Regular
223,6,Wut da mup,96.62,The Billyonaires,113.6,Regular
224,6,The Big Chungii,97.24,I Am Beyonce Always,101.54,Regular
225,7,Team Fjöllin,66.34,The Brady Bunch,95.96,Regular
226,7,Team Chad,98.4,Tuanon,99.86,Regular
227,7,The Billyonaires,129.06,The Devil and Daniel Jones,113.96,Regular
228,7,I Am Beyonce Always,148.26,Clink's Team,92.46,Regular
229,7,The Big Chungii,103.8,Wut da mup,106.88,Regular
230,8,Team Chad,119.46,Team Fjöllin,119.56,Regular
231,8,The Brady Bunch,107.22,The Billyonaires,108.46,Regular
232,8,Tuanon,96.68,I Am Beyonce Always,120.24,Regular
233,8,The Devil and Daniel Jones,124.5,The Big Chungii,114.76,Regular
234,8,Clink's Team,126.02,Wut da mup,84.98,Regular
235,9,Team Fjöllin,0.0,The Billyonaires,0.0,Regular
236,9,I Am Beyonce Always,0.0,Team Chad,0.0,Regular
237,9,The Big Chungii,0.0,The Brady Bunch,0.0,Regular
238,9,Wut da mup,0.0,Tuanon,0.0,Regular
239,9,Clink's Team,0.0,The Devil and Daniel Jones,0.0,Regular
240,10,I Am Beyonce Always,0.0,Team Fjöllin,0.0,Regular
241,10,The Billyonaires,0.0,The Big Chungii,0.0,Regular
242,10,Team Chad,0.0,Wut da mup,0.0,Regular
243,10,The Brady Bunch,0.0,Clink's Team,0.0,Regular
244,10,Tuanon,0.0,The Devil and Daniel Jones,0.0,Regular
245,11,Team Fjöllin,0.0,The Big Chungii,0.0,Regular
246,11,Wut da mup,0.0,I Am Beyonce Always,0.0,Regular
247,11,Clink's Team,0.0,The Billyonaires,0.0,Regular
248,11,The Devil and Daniel Jones,0.0,Team Chad,0.0,Regular
249,11,Tuanon,0.0,The Brady Bunch,0.0,Regular
250,12,Wut da mup,0.0,Team Fjöllin,0.0,Regular
251,12,The Big Chungii,0.0,Clink's Team,0.0,Regular
252,12,I Am Beyonce Always,0.0,The Devil and Daniel Jones,0.0,Regular
253,12,The Billyonaires,0.0,Tuanon,0.0,Regular
254,12,Team Chad,0.0,The Brady Bunch,0.0,Regular
255,13,Wut da mup,0.0,The Billyonaires,0.0,Regular
256,13,Tuanon,0.0,Team Chad,0.0,Regular
257,13,I Am Beyonce Always,0.0,Team Fjöllin,0.0,Regular
258,13,The Devil and Daniel Jones,0.0,The Big Chungii,0.0,Regular
259,13,The Brady Bunch,0.0,Clink's Team,0.0,Regular
260,1,Team Fjöllin,95.32,I Am Beyonce Always,133.84,Regular
261,1,The Big Chungii,99.76,The Billyonaires,86.8,Regular
262,1,Wut da mup,82.16,Team Chad,65.44,Regular
263,1,Clink's Team,78.68,The Brady Bunch,104.56,Regular
264,1,The Devil and Daniel Jones,69.64,Tuanon,123.64,Regular
265,2,The Big Chungii,148.76,Team Fjöllin,138.86,Regular
266,2,I Am Beyonce Always,108.0,Wut da mup,110.98,Regular
267,2,The Billyonaires,102.42,Clink's Team,99.48,Regular
268,2,Team Chad,84.76,The Devil and Daniel Jones,85.04,Regular
269,2,The Brady Bunch,89.4,Tuanon,95.24,Regular
270,3,Team Fjöllin,124.52,Wut da mup,124.98,Regular
271,3,Clink's Team,128.06,The Big Chungii,101.48,Regular
272,3,The Devil and Daniel Jones,149.96,I Am Beyonce Always,139.18,Regular
273,3,Tuanon,101.96,The Billyonaires,67.68,Regular
274,3,The Brady Bunch,106.8,Team Chad,93.92,Regular
275,4,Clink's Team,142.7,Team Fjöllin,83.28,Regular
276,4,Wut da mup,137.24,The Devil and Daniel Jones,81.38,Regular
277,4,The Big Chungii,63.64,Tuanon,131.9,Regular
278,4,I Am Beyonce Always,104.82,The Brady Bunch,113.88,Regular
279,4,The Billyonaires,150.06,Team Chad,94.8,Regular
280,5,Team Fjöllin,103.92,The Devil and Daniel Jones,69.24,Regular
281,5,Tuanon,99.48,Clink's Team,97.22,Regular
282,5,The Brady Bunch,111.48,Wut da mup,102.84,Regular
283,5,Team Chad,176.06,The Big Chungii,56.76,Regular
284,5,The Billyonaires,116.32,I Am Beyonce Always,163.34,Regular
285,6,Tuanon,78.22,Team Fjöllin,102.58,Regular
286,6,The Devil and Daniel Jones,121.34,The Brady Bunch,119.78,Regular
287,6,Clink's Team,112.4,Team Chad,78.56,Regular
288,6,Wut da mup,96.62,The Billyonaires,113.6,Regular
289,6,The Big Chungii,97.24,I Am Beyonce Always,101.54,Regular
290,7,Team Fjöllin,66.34,The Brady Bunch,95.96,Regular
291,7,Team Chad,98.4,Tuanon,99.86,Regular
292,7,The Billyonaires,129.06,The Devil and Daniel Jones,113.96,Regular
293,7,I Am Beyonce Always,148.26,Clink's Team,92.46,Regular
294,7,The Big Chungii,103.8,Wut da mup,106.88,Regular
295,8,Team Chad,119.46,Team Fjöllin,119.56,Regular
296,8,The Brady Bunch,107.22,The Billyonaires,108.46,Regular
297,8,Tuanon,96.68,I Am Beyonce Always,120.24,Regular
298,8,The Devil and Daniel Jones,124.5,The Big Chungii,114.76,Regular
299,8,Clink's Team,126.02,Wut da mup,84.98,Regular
300,9,Team Fjöllin,0.0,The Billyonaires,0.0,Regular
301,9,I Am Beyonce Always,0.0,Team Chad,0.0,Regular
302,9,The Big Chungii,0.0,The Brady Bunch,0.0,Regular
303,9,Wut da mup,0.0,Tuanon,0.0,Regular
304,9,Clink's Team,0.0,The Devil and Daniel Jones,0.0,Regular
305,10,I Am Beyonce Always,0.0,Team Fjöllin,0.0,Regular
306,10,The Billyonaires,0.0,The Big Chungii,0.0,Regular
307,10,Team Chad,0.0,Wut da mup,0.0,Regular
308,10,The Brady Bunch,0.0,Clink's Team,0.0,Regular
309,10,Tuanon,0.0,The Devil and Daniel Jones,0.0,Regular
310,11,Team Fjöllin,0.0,The Big Chungii,0.0,Regular
311,11,Wut da mup,0.0,I Am Beyonce Always,0.0,Regular
312,11,Clink's Team,0.0,The Billyonaires,0.0,Regular
313,11,The Devil and Daniel Jones,0.0,Team Chad,0.0,Regular
314,11,Tuanon,0.0,The Brady Bunch,0.0,Regular
315,12,Wut da mup,0.0,Team Fjöllin,0.0,Regular
316,12,The Big Chungii,0.0,Clink's Team,0.0,Regular
317,12,I Am Beyonce Always,0.0,The Devil and Daniel Jones,0.0,Regular
318,12,The Billyonaires,0.0,Tuanon,0.0,Regular
319,12,Team Chad,0.0,The Brady Bunch,0.0,Regular
320,13,Wut da mup,0.0,The Billyonaires,0.0,Regular
321,13,Tuanon,0.0,Team Chad,0.0,Regular
322,13,I Am Beyonce Always,0.0,Team Fjöllin,0.0,Regular
323,13,The Devil and Daniel Jones,0.0,The Big Chungii,0.0,Regular
324,13,The Brady Bunch,0.0,Clink's Team,0.0,Regular
325,1,Team Fjöllin,95.32,I Am Beyonce Always,133.84,Regular
326,1,The Big Chungii,99.76,The Billyonaires,86.8,Regular
327,1,Wut da mup,82.16,Team Chad,65.44,Regular
328,1,Clink's Team,78.68,The Brady Bunch,104.56,Regular
329,1,The Devil and Daniel Jones,69.64,Tuanon,123.64,Regular
330,2,The Big Chungii,148.76,Team Fjöllin,138.86,Regular
331,2,I Am Beyonce Always,108.0,Wut da mup,110.98,Regular
332,2,The Billyonaires,102.42,Clink's Team,99.48,Regular
333,2,Team Chad,84.76,The Devil and Daniel Jones,85.04,Regular
334,2,The Brady Bunch,89.4,Tuanon,95.24,Regular
335,3,Team Fjöllin,124.52,Wut da mup,124.98,Regular
336,3,Clink's Team,128.06,The Big Chungii,101.48,Regular
337,3,The Devil and Daniel Jones,149.96,I Am Beyonce Always,139.18,Regular
338,3,Tuanon,101.96,The Billyonaires,67.68,Regular
339,3,The Brady Bunch,106.8,Team Chad,93.92,Regular
340,4,Clink's Team,142.7,Team Fjöllin,83.28,Regular
341,4,Wut da mup,137.24,The Devil and Daniel Jones,81.38,Regular
342,4,The Big Chungii,63.64,Tuanon,131.9,Regular
343,4,I Am Beyonce Always,104.82,The Brady Bunch,113.88,Regular
344,4,The Billyonaires,150.06,Team Chad,94.8,Regular
345,5,Team Fjöllin,103.92,The Devil and Daniel Jones,69.24,Regular
346,5,Tuanon,99.48,Clink's Team,97.22,Regular
347,5,The Brady Bunch,111.48,Wut da mup,102.84,Regular
348,5,Team Chad,176.06,The Big Chungii,56.76,Regular
349,5,The Billyonaires,116.32,I Am Beyonce Always,163.34,Regular
350,6,Tuanon,78.22,Team Fjöllin,102.58,Regular
351,6,The Devil and Daniel Jones,121.34,The Brady Bunch,119.78,Regular
352,6,Clink's Team,112.4,Team Chad,78.56,Regular
353,6,Wut da mup,96.62,The Billyonaires,113.6,Regular
354,6,The Big Chungii,97.24,I Am Beyonce Always,101.54,Regular
355,7,Team Fjöllin,66.34,The Brady Bunch,95.96,Regular
356,7,Team Chad,98.4,Tuanon,99.86,Regular
357,7,The Billyonaires,129.06,The Devil and Daniel Jones,113.96,Regular
358,7,I Am Beyonce Always,148.26,Clink's Team,92.46,Regular
359,7,The Big Chungii,103.8,Wut da mup,106.88,Regular
360,8,Team Chad,119.46,Team Fjöllin,119.56,Regular
361,8,The Brady Bunch,107.22,The Billyonaires,108.46,Regular
362,8,Tuanon,96.68,I Am Beyonce Always,120.24,Regular
363,8,The Devil and Daniel Jones,124.5,The Big Chungii,114.76,Regular
364,8,Clink's Team,126.02,Wut da mup,84.98,Regular
365,9,Team Fjöllin,0.0,The Billyonaires,0.0,Regular
366,9,I Am Beyonce Always,0.0,Team Chad,0.0,Regular
367,9,The Big Chungii,0.0,The Brady Bunch,0.0,Regular
368,9,Wut da mup,0.0,Tuanon,0.0,Regular
369,9,Clink's Team,0.0,The Devil and Daniel Jones,0.0,Regular
370,10,I Am Beyonce Always,0.0,Team Fjöllin,0.0,Regular
371,10,The Billyonaires,0.0,The Big Chungii,0.0,Regular
372,10,Team Chad,0.0,Wut da mup,0.0,Regular
373,10,The Brady Bunch,0.0,Clink's Team,0.0,Regular
374,10,Tuanon,0.0,The Devil and Daniel Jones,0.0,Regular
375,11,Team Fjöllin,0.0,The Big Chungii,0.0,Regular
376,11,Wut da mup,0.0,I Am Beyonce Always,0.0,Regular
377,11,Clink's Team,0.0,The Billyonaires,0.0,Regular
378,11,The Devil and Daniel Jones,0.0,Team Chad,0.0,Regular
379,11,Tuanon,0.0,The Brady Bunch,0.0,Regular
380,12,Wut da mup,0.0,Team Fjöllin,0.0,Regular
381,12,The Big Chungii,0.0,Clink's Team,0.0,Regular
382,12,I Am Beyonce Always,0.0,The Devil and Daniel Jones,0.0,Regular
383,12,The Billyonaires,0.0,Tuanon,0.0,Regular
384,12,Team Chad,0.0,The Brady Bunch,0.0,Regular
385,13,Wut da mup,0.0,The Billyonaires,0.0,Regular
386,13,Tuanon,0.0,Team Chad,0.0,Regular
387,13,I Am Beyonce Always,0.0,Team Fjöllin,0.0,Regular
388,13,The Devil and Daniel Jones,0.0,The Big Chungii,0.0,Regular
389,13,The Brady Bunch,0.0,Clink's Team,0.0,Regular
390,1,Team Fjöllin,95.32,I Am Beyonce Always,133.84,Regular
391,1,The Big Chungii,99.76,The Billyonaires,86.8,Regular
392,1,Wut da mup,82.16,Team Chad,65.44,Regular
393,1,Clink's Team,78.68,The Brady Bunch,104.56,Regular
394,1,The Devil and Daniel Jones,69.64,Tuanon,123.64,Regular
395,2,The Big Chungii,148.76,Team Fjöllin,138.86,Regular
396,2,I Am Beyonce Always,108.0,Wut da mup,110.98,Regular
397,2,The Billyonaires,102.42,Clink's Team,99.48,Regular
398,2,Team Chad,84.76,The Devil and Daniel Jones,85.04,Regular
399,2,The Brady Bunch,89.4,Tuanon,95.24,Regular
400,3,Team Fjöllin,124.52,Wut da mup,124.98,Regular
401,3,Clink's Team,128.06,The Big Chungii,101.48,Regular
402,3,The Devil and Daniel Jones,149.96,I Am Beyonce Always,139.18,Regular
403,3,Tuanon,101.96,The Billyonaires,67.68,Regular
404,3,The Brady Bunch,106.8,Team Chad,93.92,Regular
405,4,Clink's Team,142.7,Team Fjöllin,83.28,Regular
406,4,Wut da mup,137.24,The Devil and Daniel Jones,81.38,Regular
407,4,The Big Chungii,63.64,Tuanon,131.9,Regular
408,4,I Am Beyonce Always,104.82,The Brady Bunch,113.88,Regular
409,4,The Billyonaires,150.06,Team Chad,94.8,Regular
410,5,Team Fjöllin,103.92,The Devil and Daniel Jones,69.24,Regular
411,5,Tuanon,99.48,Clink's Team,97.22,Regular
412,5,The Brady Bunch,111.48,Wut da mup,102.84,Regular
413,5,Team Chad,176.06,The Big Chungii,56.76,Regular
414,5,The Billyonaires,116.32,I Am Beyonce Always,163.34,Regular
415,6,Tuanon,78.22,Team Fjöllin,102.58,Regular
416,6,The Devil and Daniel Jones,121.34,The Brady Bunch,119.78,Regular
417,6,Clink's Team,112.4,Team Chad,78.56,Regular
418,6,Wut da mup,96.62,The Billyonaires,113.6,Regular
419,6,The Big Chungii,97.24,I Am Beyonce Always,101.54,Regular
420,7,Team Fjöllin,66.34,The Brady Bunch,95.96,Regular
421,7,Team Chad,98.4,Tuanon,99.86,Regular
422,7,The Billyonaires,129.06,The Devil and Daniel Jones,113.96,Regular
423,7,I Am Beyonce Always,148.26,Clink's Team,92.46,Regular
424,7,The Big Chungii,103.8,Wut da mup,106.88,Regular
425,8,Team Chad,119.46,Team Fjöllin,119.56,Regular
426,8,The Brady Bunch,107.22,The Billyonaires,108.46,Regular
427,8,Tuanon,96.68,I Am Beyonce Always,120.24,Regular
428,8,The Devil and Daniel Jones,124.5,The Big Chungii,114.76,Regular
429,8,Clink's Team,126.02,Wut da mup,84.98,Regular
430,9,Team Fjöllin,0.0,The Billyonaires,0.0,Regular
431,9,I Am Beyonce Always,0.0,Team Chad,0.0,Regular
432,9,The Big Chungii,0.0,The Brady Bunch,0.0,Regular
433,9,Wut da mup,0.0,Tuanon,0.0,Regular
434,9,Clink's Team,0.0,The Devil and Daniel Jones,0.0,Regular
435,10,I Am Beyonce Always,0.0,Team Fjöllin,0.0,Regular
436,10,The Billyonaires,0.0,The Big Chungii,0.0,Regular
437,10,Team Chad,0.0,Wut da mup,0.0,Regular
438,10,The Brady Bunch,0.0,Clink's Team,0.0,Regular
439,10,Tuanon,0.0,The Devil and Daniel Jones,0.0,Regular
440,11,Team Fjöllin,0.0,The Big Chungii,0.0,Regular
441,11,Wut da mup,0.0,I Am Beyonce Always,0.0,Regular
442,11,Clink's Team,0.0,The Billyonaires,0.0,Regular
443,11,The Devil and Daniel Jones,0.0,Team Chad,0.0,Regular
444,11,Tuanon,0.0,The Brady Bunch,0.0,Regular
445,12,Wut da mup,0.0,Team Fjöllin,0.0,Regular
446,12,The Big Chungii,0.0,Clink's Team,0.0,Regular
447,12,I Am Beyonce Always,0.0,The Devil and Daniel Jones,0.0,Regular
448,12,The Billyonaires,0.0,Tuanon,0.0,Regular
449,12,Team Chad,0.0,The Brady Bunch,0.0,Regular
450,13,Wut da mup,0.0,The Billyonaires,0.0,Regular
451,13,Tuanon,0.0,Team Chad,0.0,Regular
452,13,I Am Beyonce Always,0.0,Team Fjöllin,0.0,Regular
453,13,The Devil and Daniel Jones,0.0,The Big Chungii,0.0,Regular
454,13,The Brady Bunch,0.0,Clink's Team,0.0,Regular
455,1,Team Fjöllin,95.32,I Am Beyonce Always,133.84,Regular
456,1,The Big Chungii,99.76,The Billyonaires,86.8,Regular
457,1,Wut da mup,82.16,Team Chad,65.44,Regular
458,1,Clink's Team,78.68,The Brady Bunch,104.56,Regular
459,1,The Devil and Daniel Jones,69.64,Tuanon,123.64,Regular
460,2,The Big Chungii,148.76,Team Fjöllin,138.86,Regular
461,2,I Am Beyonce Always,108.0,Wut da mup,110.98,Regular
462,2,The Billyonaires,102.42,Clink's Team,99.48,Regular
463,2,Team Chad,84.76,The Devil and Daniel Jones,85.04,Regular
464,2,The Brady Bunch,89.4,Tuanon,95.24,Regular
465,3,Team Fjöllin,124.52,Wut da mup,124.98,Regular
466,3,Clink's Team,128.06,The Big Chungii,101.48,Regular
467,3,The Devil and Daniel Jones,149.96,I Am Beyonce Always,139.18,Regular
468,3,Tuanon,101.96,The Billyonaires,67.68,Regular
469,3,The Brady Bunch,106.8,Team Chad,93.92,Regular
470,4,Clink's Team,142.7,Team Fjöllin,83.28,Regular
471,4,Wut da mup,137.24,The Devil and Daniel Jones,81.38,Regular
472,4,The Big Chungii,63.64,Tuanon,131.9,Regular
473,4,I Am Beyonce Always,104.82,The Brady Bunch,113.88,Regular
474,4,The Billyonaires,150.06,Team Chad,94.8,Regular
475,5,Team Fjöllin,103.92,The Devil and Daniel Jones,69.24,Regular
476,5,Tuanon,99.48,Clink's Team,97.22,Regular
477,5,The Brady Bunch,111.48,Wut da mup,102.84,Regular
478,5,Team Chad,176.06,The Big Chungii,56.76,Regular
479,5,The Billyonaires,116.32,I Am Beyonce Always,163.34,Regular
480,6,Tuanon,78.22,Team Fjöllin,102.58,Regular
481,6,The Devil and Daniel Jones,121.34,The Brady Bunch,119.78,Regular
482,6,Clink's Team,112.4,Team Chad,78.56,Regular
483,6,Wut da mup,96.62,The Billyonaires,113.6,Regular
484,6,The Big Chungii,97.24,I Am Beyonce Always,101.54,Regular
485,7,Team Fjöllin,66.34,The Brady Bunch,95.96,Regular
486,7,Team Chad,98.4,Tuanon,99.86,Regular
487,7,The Billyonaires,129.06,The Devil and Daniel Jones,113.96,Regular
488,7,I Am Beyonce Always,148.26,Clink's Team,92.46,Regular
489,7,The Big Chungii,103.8,Wut da mup,106.88,Regular
490,8,Team Chad,119.46,Team Fjöllin,119.56,Regular
491,8,The Brady Bunch,107.22,The Billyonaires,108.46,Regular
492,8,Tuanon,96.68,I Am Beyonce Always,120.24,Regular
493,8,The Devil and Daniel Jones,124.5,The Big Chungii,114.76,Regular
494,8,Clink's Team,126.02,Wut da mup,84.98,Regular
495,9,Team Fjöllin,0.0,The Billyonaires,0.0,Regular
496,9,I Am Beyonce Always,0.0,Team Chad,0.0,Regular
497,9,The Big Chungii,0.0,The Brady Bunch,0.0,Regular
498,9,Wut da mup,0.0,Tuanon,0.0,Regular
499,9,Clink's Team,0.0,The Devil and Daniel Jones,0.0,Regular
500,10,I Am Beyonce Always,0.0,Team Fjöllin,0.0,Regular
501,10,The Billyonaires,0.0,The Big Chungii,0.0,Regular
502,10,Team Chad,0.0,Wut da mup,0.0,Regular
503,10,The Brady Bunch,0.0,Clink's Team,0.0,Regular
504,10,Tuanon,0.0,The Devil and Daniel Jones,0.0,Regular
505,11,Team Fjöllin,0.0,The Big Chungii,0.0,Regular
506,11,Wut da mup,0.0,I Am Beyonce Always,0.0,Regular
507,11,Clink's Team,0.0,The Billyonaires,0.0,Regular
508,11,The Devil and Daniel Jones,0.0,Team Chad,0.0,Regular
509,11,Tuanon,0.0,The Brady Bunch,0.0,Regular
510,12,Wut da mup,0.0,Team Fjöllin,0.0,Regular
511,12,The Big Chungii,0.0,Clink's Team,0.0,Regular
512,12,I Am Beyonce Always,0.0,The Devil and Daniel Jones,0.0,Regular
513,12,The Billyonaires,0.0,Tuanon,0.0,Regular
514,12,Team Chad,0.0,The Brady Bunch,0.0,Regular
515,13,Wut da mup,0.0,The Billyonaires,0.0,Regular
516,13,Tuanon,0.0,Team Chad,0.0,Regular
517,13,I Am Beyonce Always,0.0,Team Fjöllin,0.0,Regular
518,13,The Devil and Daniel Jones,0.0,The Big Chungii,0.0,Regular
519,13,The Brady Bunch,0.0,Clink's Team,0.0,Regular
520,1,Team Fjöllin,95.32,I Am Beyonce Always,133.84,Regular
521,1,The Big Chungii,99.76,The Billyonaires,86.8,Regular
522,1,Wut da mup,82.16,Team Chad,65.44,Regular
523,1,Clink's Team,78.68,The Brady Bunch,104.56,Regular
524,1,The Devil and Daniel Jones,69.64,Tuanon,123.64,Regular
525,2,The Big Chungii,148.76,Team Fjöllin,138.86,Regular
526,2,I Am Beyonce Always,108.0,Wut da mup,110.98,Regular
527,2,The Billyonaires,102.42,Clink's Team,99.48,Regular
528,2,Team Chad,84.76,The Devil and Daniel Jones,85.04,Regular
529,2,The Brady Bunch,89.4,Tuanon,95.24,Regular
530,3,Team Fjöllin,124.52,Wut da mup,124.98,Regular
531,3,Clink's Team,128.06,The Big Chungii,101.48,Regular
532,3,The Devil and Daniel Jones,149.96,I Am Beyonce Always,139.18,Regular
533,3,Tuanon,101.96,The Billyonaires,67.68,Regular
534,3,The Brady Bunch,106.8,Team Chad,93.92,Regular
535,4,Clink's Team,142.7,Team Fjöllin,83.28,Regular
536,4,Wut da mup,137.24,The Devil and Daniel Jones,81.38,Regular
537,4,The Big Chungii,63.64,Tuanon,131.9,Regular
538,4,I Am Beyonce Always,104.82,The Brady Bunch,113.88,Regular
539,4,The Billyonaires,150.06,Team Chad,94.8,Regular
540,5,Team Fjöllin,103.92,The Devil and Daniel Jones,69.24,Regular
541,5,Tuanon,99.48,Clink's Team,97.22,Regular
542,5,The Brady Bunch,111.48,Wut da mup,102.84,Regular
543,5,Team Chad,176.06,The Big Chungii,56.76,Regular
544,5,The Billyonaires,116.32,I Am Beyonce Always,163.34,Regular
545,6,Tuanon,78.22,Team Fjöllin,102.58,Regular
546,6,The Devil and Daniel Jones,121.34,The Brady Bunch,119.78,Regular
547,6,Clink's Team,112.4,Team Chad,78.56,Regular
548,6,Wut da mup,96.62,The Billyonaires,113.6,Regular
549,6,The Big Chungii,97.24,I Am Beyonce Always,101.54,Regular
550,7,Team Fjöllin,66.34,The Brady Bunch,95.96,Regular
551,7,Team Chad,98.4,Tuanon,99.86,Regular
552,7,The Billyonaires,129.06,The Devil and Daniel Jones,113.96,Regular
553,7,I Am Beyonce Always,148.26,Clink's Team,92.46,Regular
554,7,The Big Chungii,103.8,Wut da mup,106.88,Regular
555,8,Team Chad,119.46,Team Fjöllin,119.56,Regular
556,8,The Brady Bunch,107.22,The Billyonaires,108.46,Regular
557,8,Tuanon,96.68,I Am Beyonce Always,120.24,Regular
558,8,The Devil and Daniel Jones,124.5,The Big Chungii,114.76,Regular
559,8,Clink's Team,126.02,Wut da mup,84.98,Regular
560,9,Team Fjöllin,0.0,The Billyonaires,0.0,Regular
561,9,I Am Beyonce Always,0.0,Team Chad,0.0,Regular
562,9,The Big Chungii,0.0,The Brady Bunch,0.0,Regular
563,9,Wut da mup,0.0,Tuanon,0.0,Regular
564,9,Clink's Team,0.0,The Devil and Daniel Jones,0.0,Regular
565,10,I Am Beyonce Always,0.0,Team Fjöllin,0.0,Regular
566,10,The Billyonaires,0.0,The Big Chungii,0.0,Regular
567,10,Team Chad,0.0,Wut da mup,0.0,Regular
568,10,The Brady Bunch,0.0,Clink's Team,0.0,Regular
569,10,Tuanon,0.0,The Devil and Daniel Jones,0.0,Regular
570,11,Team Fjöllin,0.0,The Big Chungii,0.0,Regular
571,11,Wut da mup,0.0,I Am Beyonce Always,0.0,Regular
572,11,Clink's Team,0.0,The Billyonaires,0.0,Regular
573,11,The Devil and Daniel Jones,0.0,Team Chad,0.0,Regular
574,11,Tuanon,0.0,The Brady Bunch,0.0,Regular
575,12,Wut da mup,0.0,Team Fjöllin,0.0,Regular
576,12,The Big Chungii,0.0,Clink's Team,0.0,Regular
577,12,I Am Beyonce Always,0.0,The Devil and Daniel Jones,0.0,Regular
578,12,The Billyonaires,0.0,Tuanon,0.0,Regular
579,12,Team Chad,0.0,The Brady Bunch,0.0,Regular
580,13,Wut da mup,0.0,The Billyonaires,0.0,Regular
581,13,Tuanon,0.0,Team Chad,0.0,Regular
582,13,I Am Beyonce Always,0.0,Team Fjöllin,0.0,Regular
583,13,The Devil and Daniel Jones,0.0,The Big Chungii,0.0,Regular
584,13,The Brady Bunch,0.0,Clink's Team,0.0,Regular
585,1,Team Fjöllin,95.32,I Am Beyonce Always,133.84,Regular
586,1,The Big Chungii,99.76,The Billyonaires,86.8,Regular
587,1,Wut da mup,82.16,Team Chad,65.44,Regular
588,1,Clink's Team,78.68,The Brady Bunch,104.56,Regular
589,1,The Devil and Daniel Jones,69.64,Tuanon,123.64,Regular
590,2,The Big Chungii,148.76,Team Fjöllin,138.86,Regular
591,2,I Am Beyonce Always,108.0,Wut da mup,110.98,Regular
592,2,The Billyonaires,102.42,Clink's Team,99.48,Regular
593,2,Team Chad,84.76,The Devil and Daniel Jones,85.04,Regular
594,2,The Brady Bunch,89.4,Tuanon,95.24,Regular
595,3,Team Fjöllin,124.52,Wut da mup,124.98,Regular
596,3,Clink's Team,128.06,The Big Chungii,101.48,Regular
597,3,The Devil and Daniel Jones,149.96,I Am Beyonce Always,139.18,Regular
598,3,Tuanon,101.96,The Billyonaires,67.68,Regular
599,3,The Brady Bunch,106.8,Team Chad,93.92,Regular
600,4,Clink's Team,142.7,Team Fjöllin,83.28,Regular
601,4,Wut da mup,137.24,The Devil and Daniel Jones,81.38,Regular
602,4,The Big Chungii,63.64,Tuanon,131.9,Regular
603,4,I Am Beyonce Always,104.82,The Brady Bunch,113.88,Regular
604,4,The Billyonaires,150.06,Team Chad,94.8,Regular
605,5,Team Fjöllin,103.92,The Devil and Daniel Jones,69.24,Regular
606,5,Tuanon,99.48,Clink's Team,97.22,Regular
607,5,The Brady Bunch,111.48,Wut da mup,102.84,Regular
608,5,Team Chad,176.06,The Big Chungii,56.76,Regular
609,5,The Billyonaires,116.32,I Am Beyonce Always,163.34,Regular
610,6,Tuanon,78.22,Team Fjöllin,102.58,Regular
611,6,The Devil and Daniel Jones,121.34,The Brady Bunch,119.78,Regular
612,6,Clink's Team,112.4,Team Chad,78.56,Regular
613,6,Wut da mup,96.62,The Billyonaires,113.6,Regular
614,6,The Big Chungii,97.24,I Am Beyonce Always,101.54,Regular
615,7,Team Fjöllin,66.34,The Brady Bunch,95.96,Regular
616,7,Team Chad,98.4,Tuanon,99.86,Regular
617,7,The Billyonaires,129.06,The Devil and Daniel Jones,113.96,Regular
618,7,I Am Beyonce Always,148.26,Clink's Team,92.46,Regular
619,7,The Big Chungii,103.8,Wut da mup,106.88,Regular
620,8,Team Chad,119.46,Team Fjöllin,119.56,Regular
621,8,The Brady Bunch,107.22,The Billyonaires,108.46,Regular
622,8,Tuanon,96.68,I Am Beyonce Always,120.24,Regular
623,8,The Devil and Daniel Jones,124.5,The Big Chungii,114.76,Regular
624,8,Clink's Team,126.02,Wut da mup,84.98,Regular
625,9,Team Fjöllin,0.0,The Billyonaires,0.0,Regular
626,9,I Am Beyonce Always,0.0,Team Chad,0.0,Regular
627,9,The Big Chungii,0.0,The Brady Bunch,0.0,Regular
628,9,Wut da mup,0.0,Tuanon,0.0,Regular
629,9,Clink's Team,0.0,The Devil and Daniel Jones,0.0,Regular
630,10,I Am Beyonce Always,0.0,Team Fjöllin,0.0,Regular
631,10,The Billyonaires,0.0,The Big Chungii,0.0,Regular
632,10,Team Chad,0.0,Wut da mup,0.0,Regular
633,10,The Brady Bunch,0.0,Clink's Team,0.0,Regular
634,10,Tuanon,0.0,The Devil and Daniel Jones,0.0,Regular
635,11,Team Fjöllin,0.0,The Big Chungii,0.0,Regular
636,11,Wut da mup,0.0,I Am Beyonce Always,0.0,Regular
637,11,Clink's Team,0.0,The Billyonaires,0.0,Regular
638,11,The Devil and Daniel Jones,0.0,Team Chad,0.0,Regular
639,11,Tuanon,0.0,The Brady Bunch,0.0,Regular
640,12,Wut da mup,0.0,Team Fjöllin,0.0,Regular
641,12,The Big Chungii,0.0,Clink's Team,0.0,Regular
642,12,I Am Beyonce Always,0.0,The Devil and Daniel Jones,0.0,Regular
643,12,The Billyonaires,0.0,Tuanon,0.0,Regular
644,12,Team Chad,0.0,The Brady Bunch,0.0,Regular
645,13,Wut da mup,0.0,The Billyonaires,0.0,Regular
646,13,Tuanon,0.0,Team Chad,0.0,Regular
647,13,I Am Beyonce Always,0.0,Team Fjöllin,0.0,Regular
648,13,The Devil and Daniel Jones,0.0,The Big Chungii,0.0,Regular
649,13,The Brady Bunch,0.0,Clink's Team,0.0,Regular
650,1,Team Fjöllin,95.32,I Am Beyonce Always,133.84,Regular
651,1,The Big Chungii,99.76,The Billyonaires,86.8,Regular
652,1,Wut da mup,82.16,Team Chad,65.44,Regular
653,1,Clink's Team,78.68,The Brady Bunch,104.56,Regular
654,1,The Devil and Daniel Jones,69.64,Tuanon,123.64,Regular
655,2,The Big Chungii,148.76,Team Fjöllin,138.86,Regular
656,2,I Am Beyonce Always,108.0,Wut da mup,110.98,Regular
657,2,The Billyonaires,102.42,Clink's Team,99.48,Regular
658,2,Team Chad,84.76,The Devil and Daniel Jones,85.04,Regular
659,2,The Brady Bunch,89.4,Tuanon,95.24,Regular
660,3,Team Fjöllin,124.52,Wut da mup,124.98,Regular
661,3,Clink's Team,128.06,The Big Chungii,101.48,Regular
662,3,The Devil and Daniel Jones,149.96,I Am Beyonce Always,139.18,Regular
663,3,Tuanon,101.96,The Billyonaires,67.68,Regular
664,3,The Brady Bunch,106.8,Team Chad,93.92,Regular
665,4,Clink's Team,142.7,Team Fjöllin,83.28,Regular
666,4,Wut da mup,137.24,The Devil and Daniel Jones,81.38,Regular
667,4,The Big Chungii,63.64,Tuanon,131.9,Regular
668,4,I Am Beyonce Always,104.82,The Brady Bunch,113.88,Regular
669,4,The Billyonaires,150.06,Team Chad,94.8,Regular
670,5,Team Fjöllin,103.92,The Devil and Daniel Jones,69.24,Regular
671,5,Tuanon,99.48,Clink's Team,97.22,Regular
672,5,The Brady Bunch,111.48,Wut da mup,102.84,Regular
673,5,Team Chad,176.06,The Big Chungii,56.76,Regular
674,5,The Billyonaires,116.32,I Am Beyonce Always,163.34,Regular
675,6,Tuanon,78.22,Team Fjöllin,102.58,Regular
676,6,The Devil and Daniel Jones,121.34,The Brady Bunch,119.78,Regular
677,6,Clink's Team,112.4,Team Chad,78.56,Regular
678,6,Wut da mup,96.62,The Billyonaires,113.6,Regular
679,6,The Big Chungii,97.24,I Am Beyonce Always,101.54,Regular
680,7,Team Fjöllin,66.34,The Brady Bunch,95.96,Regular
681,7,Team Chad,98.4,Tuanon,99.86,Regular
682,7,The Billyonaires,129.06,The Devil and Daniel Jones,113.96,Regular
683,7,I Am Beyonce Always,148.26,Clink's Team,92.46,Regular
684,7,The Big Chungii,103.8,Wut da mup,106.88,Regular
685,8,Team Chad,119.46,Team Fjöllin,119.56,Regular
686,8,The Brady Bunch,107.22,The Billyonaires,108.46,Regular
687,8,Tuanon,96.68,I Am Beyonce Always,120.24,Regular
688,8,The Devil and Daniel Jones,124.5,The Big Chungii,114.76,Regular
689,8,Clink's Team,126.02,Wut da mup,84.98,Regular
690,9,Team Fjöllin,0.0,The Billyonaires,0.0,Regular
691,9,I Am Beyonce Always,0.0,Team Chad,0.0,Regular
692,9,The Big Chungii,0.0,The Brady Bunch,0.0,Regular
693,9,Wut da mup,0.0,Tuanon,0.0,Regular
694,9,Clink's Team,0.0,The Devil and Daniel Jones,0.0,Regular
695,10,I Am Beyonce Always,0.0,Team Fjöllin,0.0,Regular
696,10,The Billyonaires,0.0,The Big Chungii,0.0,Regular
697,10,Team Chad,0.0,Wut da mup,0.0,Regular
698,10,The Brady Bunch,0.0,Clink's Team,0.0,Regular
699,10,Tuanon,0.0,The Devil and Daniel Jones,0.0,Regular
700,11,Team Fjöllin,0.0,The Big Chungii,0.0,Regular
701,11,Wut da mup,0.0,I Am Beyonce Always,0.0,Regular
702,11,Clink's Team,0.0,The Billyonaires,0.0,Regular
703,11,The Devil and Daniel Jones,0.0,Team Chad,0.0,Regular
704,11,Tuanon,0.0,The Brady Bunch,0.0,Regular
705,12,Wut da mup,0.0,Team Fjöllin,0.0,Regular
706,12,The Big Chungii,0.0,Clink's Team,0.0,Regular
707,12,I Am Beyonce Always,0.0,The Devil and Daniel Jones,0.0,Regular
708,12,The Billyonaires,0.0,Tuanon,0.0,Regular
709,12,Team Chad,0.0,The Brady Bunch,0.0,Regular
710,13,Wut da mup,0.0,The Billyonaires,0.0,Regular
711,13,Tuanon,0.0,Team Chad,0.0,Regular
712,13,I Am Beyonce Always,0.0,Team Fjöllin,0.0,Regular
713,13,The Devil and Daniel Jones,0.0,The Big Chungii,0.0,Regular
714,13,The Brady Bunch,0.0,Clink's Team,0.0,Regular
715,1,Team Fjöllin,95.32,I Am Beyonce Always,133.84,Regular
716,1,The Big Chungii,99.76,The Billyonaires,86.8,Regular
717,1,Wut da mup,82.16,Team Chad,65.44,Regular
718,1,Clink's Team,78.68,The Brady Bunch,104.56,Regular
719,1,The Devil and Daniel Jones,69.64,Tuanon,123.64,Regular
720,2,The Big Chungii,148.76,Team Fjöllin,138.86,Regular
721,2,I Am Beyonce Always,108.0,Wut da mup,110.98,Regular
722,2,The Billyonaires,102.42,Clink's Team,99.48,Regular
723,2,Team Chad,84.76,The Devil and Daniel Jones,85.04,Regular
724,2,The Brady Bunch,89.4,Tuanon,95.24,Regular
725,3,Team Fjöllin,124.52,Wut da mup,124.98,Regular
726,3,Clink's Team,128.06,The Big Chungii,101.48,Regular
727,3,The Devil and Daniel Jones,149.96,I Am Beyonce Always,139.18,Regular
728,3,Tuanon,101.96,The Billyonaires,67.68,Regular
729,3,The Brady Bunch,106.8,Team Chad,93.92,Regular
730,4,Clink's Team,142.7,Team Fjöllin,83.28,Regular
731,4,Wut da mup,137.24,The Devil and Daniel Jones,81.38,Regular
732,4,The Big Chungii,63.64,Tuanon,131.9,Regular
733,4,I Am Beyonce Always,104.82,The Brady Bunch,113.88,Regular
734,4,The Billyonaires,150.06,Team Chad,94.8,Regular
735,5,Team Fjöllin,103.92,The Devil and Daniel Jones,69.24,Regular
736,5,Tuanon,99.48,Clink's Team,97.22,Regular
737,5,The Brady Bunch,111.48,Wut da mup,102.84,Regular
738,5,Team Chad,176.06,The Big Chungii,56.76,Regular
739,5,The Billyonaires,116.32,I Am Beyonce Always,163.34,Regular
740,6,Tuanon,78.22,Team Fjöllin,102.58,Regular
741,6,The Devil and Daniel Jones,121.34,The Brady Bunch,119.78,Regular
742,6,Clink's Team,112.4,Team Chad,78.56,Regular
743,6,Wut da mup,96.62,The Billyonaires,113.6,Regular
744,6,The Big Chungii,97.24,I Am Beyonce Always,101.54,Regular
745,7,Team Fjöllin,66.34,The Brady Bunch,95.96,Regular
746,7,Team Chad,98.4,Tuanon,99.86,Regular
747,7,The Billyonaires,129.06,The Devil and Daniel Jones,113.96,Regular
748,7,I Am Beyonce Always,148.26,Clink's Team,92.46,Regular
749,7,The Big Chungii,103.8,Wut da mup,106.88,Regular
750,8,Team Chad,119.46,Team Fjöllin,119.56,Regular
751,8,The Brady Bunch,107.22,The Billyonaires,108.46,Regular
752,8,Tuanon,96.68,I Am Beyonce Always,120.24,Regular
753,8,The Devil and Daniel Jones,124.5,The Big Chungii,114.76,Regular
754,8,Clink's Team,126.02,Wut da mup,84.98,Regular
755,9,Team Fjöllin,0.0,The Billyonaires,0.0,Regular
756,9,I Am Beyonce Always,0.0,Team Chad,0.0,Regular
757,9,The Big Chungii,0.0,The Brady Bunch,0.0,Regular
758,9,Wut da mup,0.0,Tuanon,0.0,Regular
759,9,Clink's Team,0.0,The Devil and Daniel Jones,0.0,Regular
760,10,I Am Beyonce Always,0.0,Team Fjöllin,0.0,Regular
761,10,The Billyonaires,0.0,The Big Chungii,0.0,Regular
762,10,Team Chad,0.0,Wut da mup,0.0,Regular
763,10,The Brady Bunch,0.0,Clink's Team,0.0,Regular
764,10,Tuanon,0.0,The Devil and Daniel Jones,0.0,Regular
765,11,Team Fjöllin,0.0,The Big Chungii,0.0,Regular
766,11,Wut da mup,0.0,I Am Beyonce Always,0.0,Regular
767,11,Clink's Team,0.0,The Billyonaires,0.0,Regular
768,11,The Devil and Daniel Jones,0.0,Team Chad,0.0,Regular
769,11,Tuanon,0.0,The Brady Bunch,0.0,Regular
770,12,Wut da mup,0.0,Team Fjöllin,0.0,Regular
771,12,The Big Chungii,0.0,Clink's Team,0.0,Regular
772,12,I Am Beyonce Always,0.0,The Devil and Daniel Jones,0.0,Regular
773,12,The Billyonaires,0.0,Tuanon,0.0,Regular
774,12,Team Chad,0.0,The Brady Bunch,0.0,Regular
775,13,Wut da mup,0.0,The Billyonaires,0.0,Regular
776,13,Tuanon,0.0,Team Chad,0.0,Regular
777,13,I Am Beyonce Always,0.0,Team Fjöllin,0.0,Regular
778,13,The Devil and Daniel Jones,0.0,The Big Chungii,0.0,Regular
779,13,The Brady Bunch,0.0,Clink's Team,0.0,Regular
780,1,Team Fjöllin,95.32,I Am Beyonce Always,133.84,Regular
781,1,The Big Chungii,99.76,The Billyonaires,86.8,Regular
782,1,Wut da mup,82.16,Team Chad,65.44,Regular
783,1,Clink's Team,78.68,The Brady Bunch,104.56,Regular
784,1,The Devil and Daniel Jones,69.64,Tuanon,123.64,Regular
785,2,The Big Chungii,148.76,Team Fjöllin,138.86,Regular
786,2,I Am Beyonce Always,108.0,Wut da mup,110.98,Regular
787,2,The Billyonaires,102.42,Clink's Team,99.48,Regular
788,2,Team Chad,84.76,The Devil and Daniel Jones,85.04,Regular
789,2,The Brady Bunch,89.4,Tuanon,95.24,Regular
790,3,Team Fjöllin,124.52,Wut da mup,124.98,Regular
791,3,Clink's Team,128.06,The Big Chungii,101.48,Regular
792,3,The Devil and Daniel Jones,149.96,I Am Beyonce Always,139.18,Regular
793,3,Tuanon,101.96,The Billyonaires,67.68,Regular
794,3,The Brady Bunch,106.8,Team Chad,93.92,Regular
795,4,Clink's Team,142.7,Team Fjöllin,83.28,Regular
796,4,Wut da mup,137.24,The Devil and Daniel Jones,81.38,Regular
797,4,The Big Chungii,63.64,Tuanon,131.9,Regular
798,4,I Am Beyonce Always,104.82,The Brady Bunch,113.88,Regular
799,4,The Billyonaires,150.06,Team Chad,94.8,Regular
800,5,Team Fjöllin,103.92,The Devil and Daniel Jones,69.24,Regular
801,5,Tuanon,99.48,Clink's Team,97.22,Regular
802,5,The Brady Bunch,111.48,Wut da mup,102.84,Regular
803,5,Team Chad,176.06,The Big Chungii,56.76,Regular
804,5,The Billyonaires,116.32,I Am Beyonce Always,163.34,Regular
805,6,Tuanon,78.22,Team Fjöllin,102.58,Regular
806,6,The Devil and Daniel Jones,121.34,The Brady Bunch,119.78,Regular
807,6,Clink's Team,112.4,Team Chad,78.56,Regular
808,6,Wut da mup,96.62,The Billyonaires,113.6,Regular
809,6,The Big Chungii,97.24,I Am Beyonce Always,101.54,Regular
810,7,Team Fjöllin,66.34,The Brady Bunch,95.96,Regular
811,7,Team Chad,98.4,Tuanon,99.86,Regular
812,7,The Billyonaires,129.06,The Devil and Daniel Jones,113.96,Regular
813,7,I Am Beyonce Always,148.26,Clink's Team,92.46,Regular
814,7,The Big Chungii,103.8,Wut da mup,106.88,Regular
815,8,Team Chad,119.46,Team Fjöllin,119.56,Regular
816,8,The Brady Bunch,107.22,The Billyonaires,108.46,Regular
817,8,Tuanon,96.68,I Am Beyonce Always,120.24,Regular
818,8,The Devil and Daniel Jones,124.5,The Big Chungii,114.76,Regular
819,8,Clink's Team,126.02,Wut da mup,84.98,Regular
820,9,Team Fjöllin,0.0,The Billyonaires,0.0,Regular
821,9,I Am Beyonce Always,0.0,Team Chad,0.0,Regular
822,9,The Big Chungii,0.0,The Brady Bunch,0.0,Regular
823,9,Wut da mup,0.0,Tuanon,0.0,Regular
824,9,Clink's Team,0.0,The Devil and Daniel Jones,0.0,Regular
825,10,I Am Beyonce Always,0.0,Team Fjöllin,0.0,Regular
826,10,The Billyonaires,0.0,The Big Chungii,0.0,Regular
827,10,Team Chad,0.0,Wut da mup,0.0,Regular
828,10,The Brady Bunch,0.0,Clink's Team,0.0,Regular
829,10,Tuanon,0.0,The Devil and Daniel Jones,0.0,Regular
830,11,Team Fjöllin,0.0,The Big Chungii,0.0,Regular
831,11,Wut da mup,0.0,I Am Beyonce Always,0.0,Regular
832,11,Clink's Team,0.0,The Billyonaires,0.0,Regular
833,11,The Devil and Daniel Jones,0.0,Team Chad,0.0,Regular
834,11,Tuanon,0.0,The Brady Bunch,0.0,Regular
835,12,Wut da mup,0.0,Team Fjöllin,0.0,Regular
836,12,The Big Chungii,0.0,Clink's Team,0.0,Regular
837,12,I Am Beyonce Always,0.0,The Devil and Daniel Jones,0.0,Regular
838,12,The Billyonaires,0.0,Tuanon,0.0,Regular
839,12,Team Chad,0.0,The Brady Bunch,0.0,Regular
840,13,Wut da mup,0.0,The Billyonaires,0.0,Regular
841,13,Tuanon,0.0,Team Chad,0.0,Regular
842,13,I Am Beyonce Always,0.0,Team Fjöllin,0.0,Regular
843,13,The Devil and Daniel Jones,0.0,The Big Chungii,0.0,Regular
844,13,The Brady Bunch,0.0,Clink's Team,0.0,Regular
845,1,Team Fjöllin,95.32,I Am Beyonce Always,133.84,Regular
846,1,The Big Chungii,99.76,The Billyonaires,86.8,Regular
847,1,Wut da mup,82.16,Team Chad,65.44,Regular
848,1,Clink's Team,78.68,The Brady Bunch,104.56,Regular
849,1,The Devil and Daniel Jones,69.64,Tuanon,123.64,Regular
850,2,The Big Chungii,148.76,Team Fjöllin,138.86,Regular
851,2,I Am Beyonce Always,108.0,Wut da mup,110.98,Regular
852,2,The Billyonaires,102.42,Clink's Team,99.48,Regular
853,2,Team Chad,84.76,The Devil and Daniel Jones,85.04,Regular
854,2,The Brady Bunch,89.4,Tuanon,95.24,Regular
855,3,Team Fjöllin,124.52,Wut da mup,124.98,Regular
856,3,Clink's Team,128.06,The Big Chungii,101.48,Regular
857,3,The Devil and Daniel Jones,149.96,I Am Beyonce Always,139.18,Regular
858,3,Tuanon,101.96,The Billyonaires,67.68,Regular
859,3,The Brady Bunch,106.8,Team Chad,93.92,Regular
860,4,Clink's Team,142.7,Team Fjöllin,83.28,Regular
861,4,Wut da mup,137.24,The Devil and Daniel Jones,81.38,Regular
862,4,The Big Chungii,63.64,Tuanon,131.9,Regular
863,4,I Am Beyonce Always,104.82,The Brady Bunch,113.88,Regular
864,4,The Billyonaires,150.06,Team Chad,94.8,Regular
865,5,Team Fjöllin,103.92,The Devil and Daniel Jones,69.24,Regular
866,5,Tuanon,99.48,Clink's Team,97.22,Regular
867,5,The Brady Bunch,111.48,Wut da mup,102.84,Regular
868,5,Team Chad,176.06,The Big Chungii,56.76,Regular
869,5,The Billyonaires,116.32,I Am Beyonce Always,163.34,Regular
870,6,Tuanon,78.22,Team Fjöllin,102.58,Regular
871,6,The Devil and Daniel Jones,121.34,The Brady Bunch,119.78,Regular
872,6,Clink's Team,112.4,Team Chad,78.56,Regular
873,6,Wut da mup,96.62,The Billyonaires,113.6,Regular
874,6,The Big Chungii,97.24,I Am Beyonce Always,101.54,Regular
875,7,Team Fjöllin,66.34,The Brady Bunch,95.96,Regular
876,7,Team Chad,98.4,Tuanon,99.86,Regular
877,7,The Billyonaires,129.06,The Devil and Daniel Jones,113.96,Regular
878,7,I Am Beyonce Always,148.26,Clink's Team,92.46,Regular
879,7,The Big Chungii,103.8,Wut da mup,106.88,Regular
880,8,Team Chad,119.46,Team Fjöllin,119.56,Regular
881,8,The Brady Bunch,107.22,The Billyonaires,108.46,Regular
882,8,Tuanon,96.68,I Am Beyonce Always,120.24,Regular
883,8,The Devil and Daniel Jones,124.5,The Big Chungii,114.76,Regular
884,8,Clink's Team,126.02,Wut da mup,84.98,Regular
885,9,Team Fjöllin,0.0,The Billyonaires,0.0,Regular
886,9,I Am Beyonce Always,0.0,Team Chad,0.0,Regular
887,9,The Big Chungii,0.0,The Brady Bunch,0.0,Regular
888,9,Wut da mup,0.0,Tuanon,0.0,Regular
889,9,Clink's Team,0.0,The Devil and Daniel Jones,0.0,Regular
890,10,I Am Beyonce Always,0.0,Team Fjöllin,0.0,Regular
891,10,The Billyonaires,0.0,The Big Chungii,0.0,Regular
892,10,Team Chad,0.0,Wut da mup,0.0,Regular
893,10,The Brady Bunch,0.0,Clink's Team,0.0,Regular
894,10,Tuanon,0.0,The Devil and Daniel Jones,0.0,Regular
895,11,Team Fjöllin,0.0,The Big Chungii,0.0,Regular
896,11,Wut da mup,0.0,I Am Beyonce Always,0.0,Regular
897,11,Clink's Team,0.0,The Billyonaires,0.0,Regular
898,11,The Devil and Daniel Jones,0.0,Team Chad,0.0,Regular
899,11,Tuanon,0.0,The Brady Bunch,0.0,Regular
900,12,Wut da mup,0.0,Team Fjöllin,0.0,Regular
901,12,The Big Chungii,0.0,Clink's Team,0.0,Regular
902,12,I Am Beyonce Always,0.0,The Devil and Daniel Jones,0.0,Regular
903,12,The Billyonaires,0.0,Tuanon,0.0,Regular
904,12,Team Chad,0.0,The Brady Bunch,0.0,Regular
905,13,Wut da mup,0.0,The Billyonaires,0.0,Regular
906,13,Tuanon,0.0,Team Chad,0.0,Regular
907,13,I Am Beyonce Always,0.0,Team Fjöllin,0.0,Regular
908,13,The Devil and Daniel Jones,0.0,The Big Chungii,0.0,Regular
909,13,The Brady Bunch,0.0,Clink's Team,0.0,Regular
910,1,Team Fjöllin,95.32,I Am Beyonce Always,133.84,Regular
911,1,The Big Chungii,99.76,The Billyonaires,86.8,Regular
912,1,Wut da mup,82.16,Team Chad,65.44,Regular
913,1,Clink's Team,78.68,The Brady Bunch,104.56,Regular
914,1,The Devil and Daniel Jones,69.64,Tuanon,123.64,Regular
915,2,The Big Chungii,148.76,Team Fjöllin,138.86,Regular
916,2,I Am Beyonce Always,108.0,Wut da mup,110.98,Regular
917,2,The Billyonaires,102.42,Clink's Team,99.48,Regular
918,2,Team Chad,84.76,The Devil and Daniel Jones,85.04,Regular
919,2,The Brady Bunch,89.4,Tuanon,95.24,Regular
920,3,Team Fjöllin,124.52,Wut da mup,124.98,Regular
921,3,Clink's Team,128.06,The Big Chungii,101.48,Regular
922,3,The Devil and Daniel Jones,149.96,I Am Beyonce Always,139.18,Regular
923,3,Tuanon,101.96,The Billyonaires,67.68,Regular
924,3,The Brady Bunch,106.8,Team Chad,93.92,Regular
925,4,Clink's Team,142.7,Team Fjöllin,83.28,Regular
926,4,Wut da mup,137.24,The Devil and Daniel Jones,81.38,Regular
927,4,The Big Chungii,63.64,Tuanon,131.9,Regular
928,4,I Am Beyonce Always,104.82,The Brady Bunch,113.88,Regular
929,4,The Billyonaires,150.06,Team Chad,94.8,Regular
930,5,Team Fjöllin,103.92,The Devil and Daniel Jones,69.24,Regular
931,5,Tuanon,99.48,Clink's Team,97.22,Regular
932,5,The Brady Bunch,111.48,Wut da mup,102.84,Regular
933,5,Team Chad,176.06,The Big Chungii,56.76,Regular
934,5,The Billyonaires,116.32,I Am Beyonce Always,163.34,Regular
935,6,Tuanon,78.22,Team Fjöllin,102.58,Regular
936,6,The Devil and Daniel Jones,121.34,The Brady Bunch,119.78,Regular
937,6,Clink's Team,112.4,Team Chad,78.56,Regular
938,6,Wut da mup,96.62,The Billyonaires,113.6,Regular
939,6,The Big Chungii,97.24,I Am Beyonce Always,101.54,Regular
940,7,Team Fjöllin,66.34,The Brady Bunch,95.96,Regular
941,7,Team Chad,98.4,Tuanon,99.86,Regular
942,7,The Billyonaires,129.06,The Devil and Daniel Jones,113.96,Regular
943,7,I Am Beyonce Always,148.26,Clink's Team,92.46,Regular
944,7,The Big Chungii,103.8,Wut da mup,106.88,Regular
945,8,Team Chad,119.46,Team Fjöllin,119.56,Regular
946,8,The Brady Bunch,107.22,The Billyonaires,108.46,Regular
947,8,Tuanon,96.68,I Am Beyonce Always,120.24,Regular
948,8,The Devil and Daniel Jones,124.5,The Big Chungii,114.76,Regular
949,8,Clink's Team,126.02,Wut da mup,84.98,Regular
950,9,Team Fjöllin,0.0,The Billyonaires,0.0,Regular
951,9,I Am Beyonce Always,0.0,Team Chad,0.0,Regular
952,9,The Big Chungii,0.0,The Brady Bunch,0.0,Regular
953,9,Wut da mup,0.0,Tuanon,0.0,Regular
954,9,Clink's Team,0.0,The Devil and Daniel Jones,0.0,Regular
955,10,I Am Beyonce Always,0.0,Team Fjöllin,0.0,Regular
956,10,The Billyonaires,0.0,The Big Chungii,0.0,Regular
957,10,Team Chad,0.0,Wut da mup,0.0,Regular
958,10,The Brady Bunch,0.0,Clink's Team,0.0,Regular
959,10,Tuanon,0.0,The Devil and Daniel Jones,0.0,Regular
960,11,Team Fjöllin,0.0,The Big Chungii,0.0,Regular
961,11,Wut da mup,0.0,I Am Beyonce Always,0.0,Regular
962,11,Clink's Team,0.0,The Billyonaires,0.0,Regular
963,11,The Devil and Daniel Jones,0.0,Team Chad,0.0,Regular
964,11,Tuanon,0.0,The Brady Bunch,0.0,Regular
965,12,Wut da mup,0.0,Team Fjöllin,0.0,Regular
966,12,The Big Chungii,0.0,Clink's Team,0.0,Regular
967,12,I Am Beyonce Always,0.0,The Devil and Daniel Jones,0.0,Regular
968,12,The Billyonaires,0.0,Tuanon,0.0,Regular
969,12,Team Chad,0.0,The Brady Bunch,0.0,Regular
970,13,Wut da mup,0.0,The Billyonaires,0.0,Regular
971,13,Tuanon,0.0,Team Chad,0.0,Regular
972,13,I Am Beyonce Always,0.0,Team Fjöllin,0.0,Regular
973,13,The Devil and Daniel Jones,0.0,The Big Chungii,0.0,Regular
974,13,The Brady Bunch,0.0,Clink's Team,0.0,Regular
975,1,Team Fjöllin,95.32,I Am Beyonce Always,133.84,Regular
976,1,The Big Chungii,99.76,The Billyonaires,86.8,Regular
977,1,Wut da mup,82.16,Team Chad,65.44,Regular
978,1,Clink's Team,78.68,The Brady Bunch,104.56,Regular
979,1,The Devil and Daniel Jones,69.64,Tuanon,123.64,Regular
980,2,The Big Chungii,148.76,Team Fjöllin,138.86,Regular
981,2,I Am Beyonce Always,108.0,Wut da mup,110.98,Regular
982,2,The Billyonaires,102.42,Clink's Team,99.48,Regular
983,2,Team Chad,84.76,The Devil and Daniel Jones,85.04,Regular
984,2,The Brady Bunch,89.4,Tuanon,95.24,Regular
985,3,Team Fjöllin,124.52,Wut da mup,124.98,Regular
986,3,Clink's Team,128.06,The Big Chungii,101.48,Regular
987,3,The Devil and Daniel Jones,149.96,I Am Beyonce Always,139.18,Regular
988,3,Tuanon,101.96,The Billyonaires,67.68,Regular
989,3,The Brady Bunch,106.8,Team Chad,93.92,Regular
990,4,Clink's Team,142.7,Team Fjöllin,83.28,Regular
991,4,Wut da mup,137.24,The Devil and Daniel Jones,81.38,Regular
992,4,The Big Chungii,63.64,Tuanon,131.9,Regular
993,4,I Am Beyonce Always,104.82,The Brady Bunch,113.88,Regular
994,4,The Billyonaires,150.06,Team Chad,94.8,Regular
995,5,Team Fjöllin,103.92,The Devil and Daniel Jones,69.24,Regular
996,5,Tuanon,99.48,Clink's Team,97.22,Regular
997,5,The Brady Bunch,111.48,Wut da mup,102.84,Regular
998,5,Team Chad,176.06,The Big Chungii,56.76,Regular
999,5,The Billyonaires,116.32,I Am Beyonce Always,163.34,Regular
1000,6,Tuanon,78.22,Team Fjöllin,102.58,Regular
1001,6,The Devil and Daniel Jones,121.34,The Brady Bunch,119.78,Regular
1002,6,Clink's Team,112.4,Team Chad,78.56,Regular
1003,6,Wut da mup,96.62,The Billyonaires,113.6,Regular
1004,6,The Big Chungii,97.24,I Am Beyonce Always,101.54,Regular
1005,7,Team Fjöllin,66.34,The Brady Bunch,95.96,Regular
1006,7,Team Chad,98.4,Tuanon,99.86,Regular
1007,7,The Billyonaires,129.06,The Devil and Daniel Jones,113.96,Regular
1008,7,I Am Beyonce Always,148.26,Clink's Team,92.46,Regular
1009,7,The Big Chungii,103.8,Wut da mup,106.88,Regular
1010,8,Team Chad,119.46,Team Fjöllin,119.56,Regular
1011,8,The Brady Bunch,107.22,The Billyonaires,108.46,Regular
1012,8,Tuanon,96.68,I Am Beyonce Always,120.24,Regular
1013,8,The Devil and Daniel Jones,124.5,The Big Chungii,114.76,Regular
1014,8,Clink's Team,126.02,Wut da mup,84.98,Regular
1015,9,Team Fjöllin,0.0,The Billyonaires,0.0,Regular
1016,9,I Am Beyonce Always,0.0,Team Chad,0.0,Regular
1017,9,The Big Chungii,0.0,The Brady Bunch,0.0,Regular
1018,9,Wut da mup,0.0,Tuanon,0.0,Regular
1019,9,Clink's Team,0.0,The Devil and Daniel Jones,0.0,Regular
1020,10,I Am Beyonce Always,0.0,Team Fjöllin,0.0,Regular
1021,10,The Billyonaires,0.0,The Big Chungii,0.0,Regular
1022,10,Team Chad,0.0,Wut da mup,0.0,Regular
1023,10,The Brady Bunch,0.0,Clink's Team,0.0,Regular
1024,10,Tuanon,0.0,The Devil and Daniel Jones,0.0,Regular
1025,11,Team Fjöllin,0.0,The Big Chungii,0.0,Regular
1026,11,Wut da mup,0.0,I Am Beyonce Always,0.0,Regular
1027,11,Clink's Team,0.0,The Billyonaires,0.0,Regular
1028,11,The Devil and Daniel Jones,0.0,Team Chad,0.0,Regular
1029,11,Tuanon,0.0,The Brady Bunch,0.0,Regular
1030,12,Wut da mup,0.0,Team Fjöllin,0.0,Regular
1031,12,The Big Chungii,0.0,Clink's Team,0.0,Regular
1032,12,I Am Beyonce Always,0.0,The Devil and Daniel Jones,0.0,Regular
1033,12,The Billyonaires,0.0,Tuanon,0.0,Regular
1034,12,Team Chad,0.0,The Brady Bunch,0.0,Regular
1035,13,Wut da mup,0.0,The Billyonaires,0.0,Regular
1036,13,Tuanon,0.0,Team Chad,0.0,Regular
1037,13,I Am Beyonce Always,0.0,Team Fjöllin,0.0,Regular
1038,13,The Devil and Daniel Jones,0.0,The Big Chungii,0.0,Regular
1039,13,The Brady Bunch,0.0,Clink's Team,0.0,Regular
1040,1,Team Fjöllin,95.32,I Am Beyonce Always,133.84,Regular
1041,1,The Big Chungii,99.76,The Billyonaires,86.8,Regular
1042,1,Wut da mup,82.16,Team Chad,65.44,Regular
1043,1,Clink's Team,78.68,The Brady Bunch,104.56,Regular
1044,1,The Devil and Daniel Jones,69.64,Tuanon,123.64,Regular
1045,2,The Big Chungii,148.76,Team Fjöllin,138.86,Regular
1046,2,I Am Beyonce Always,108.0,Wut da mup,110.98,Regular
1047,2,The Billyonaires,102.42,Clink's Team,99.48,Regular
1048,2,Team Chad,84.76,The Devil and Daniel Jones,85.04,Regular
1049,2,The Brady Bunch,89.4,Tuanon,95.24,Regular
1050,3,Team Fjöllin,124.52,Wut da mup,124.98,Regular
1051,3,Clink's Team,128.06,The Big Chungii,101.48,Regular
1052,3,The Devil and Daniel Jones,149.96,I Am Beyonce Always,139.18,Regular
1053,3,Tuanon,101.96,The Billyonaires,67.68,Regular
1054,3,The Brady Bunch,106.8,Team Chad,93.92,Regular
1055,4,Clink's Team,142.7,Team Fjöllin,83.28,Regular
1056,4,Wut da mup,137.24,The Devil and Daniel Jones,81.38,Regular
1057,4,The Big Chungii,63.64,Tuanon,131.9,Regular
1058,4,I Am Beyonce Always,104.82,The Brady Bunch,113.88,Regular
1059,4,The Billyonaires,150.06,Team Chad,94.8,Regular
1060,5,Team Fjöllin,103.92,The Devil and Daniel Jones,69.24,Regular
1061,5,Tuanon,99.48,Clink's Team,97.22,Regular
1062,5,The Brady Bunch,111.48,Wut da mup,102.84,Regular
1063,5,Team Chad,176.06,The Big Chungii,56.76,Regular
1064,5,The Billyonaires,116.32,I Am Beyonce Always,163.34,Regular
1065,6,Tuanon,78.22,Team Fjöllin,102.58,Regular
1066,6,The Devil and Daniel Jones,121.34,The Brady Bunch,119.78,Regular
1067,6,Clink's Team,112.4,Team Chad,78.56,Regular
1068,6,Wut da mup,96.62,The Billyonaires,113.6,Regular
1069,6,The Big Chungii,97.24,I Am Beyonce Always,101.54,Regular
1070,7,Team Fjöllin,66.34,The Brady Bunch,95.96,Regular
1071,7,Team Chad,98.4,Tuanon,99.86,Regular
1072,7,The Billyonaires,129.06,The Devil and Daniel Jones,113.96,Regular
1073,7,I Am Beyonce Always,148.26,Clink's Team,92.46,Regular
1074,7,The Big Chungii,103.8,Wut da mup,106.88,Regular
1075,8,Team Chad,119.46,Team Fjöllin,119.56,Regular
1076,8,The Brady Bunch,107.22,The Billyonaires,108.46,Regular
1077,8,Tuanon,96.68,I Am Beyonce Always,120.24,Regular
1078,8,The Devil and Daniel Jones,124.5,The Big Chungii,114.76,Regular
1079,8,Clink's Team,126.02,Wut da mup,84.98,Regular
1080,9,Team Fjöllin,0.0,The Billyonaires,0.0,Regular
1081,9,I Am Beyonce Always,0.0,Team Chad,0.0,Regular
1082,9,The Big Chungii,0.0,The Brady Bunch,0.0,Regular
1083,9,Wut da mup,0.0,Tuanon,0.0,Regular
1084,9,Clink's Team,0.0,The Devil and Daniel Jones,0.0,Regular
1085,10,I Am Beyonce Always,0.0,Team Fjöllin,0.0,Regular
1086,10,The Billyonaires,0.0,The Big Chungii,0.0,Regular
1087,10,Team Chad,0.0,Wut da mup,0.0,Regular
1088,10,The Brady Bunch,0.0,Clink's Team,0.0,Regular
1089,10,Tuanon,0.0,The Devil and Daniel Jones,0.0,Regular
1090,11,Team Fjöllin,0.0,The Big Chungii,0.0,Regular
1091,11,Wut da mup,0.0,I Am Beyonce Always,0.0,Regular
1092,11,Clink's Team,0.0,The Billyonaires,0.0,Regular
1093,11,The Devil and Daniel Jones,0.0,Team Chad,0.0,Regular
1094,11,Tuanon,0.0,The Brady Bunch,0.0,Regular
1095,12,Wut da mup,0.0,Team Fjöllin,0.0,Regular
1096,12,The Big Chungii,0.0,Clink's Team,0.0,Regular
1097,12,I Am Beyonce Always,0.0,The Devil and Daniel Jones,0.0,Regular
1098,12,The Billyonaires,0.0,Tuanon,0.0,Regular
1099,12,Team Chad,0.0,The Brady Bunch,0.0,Regular
1100,13,Wut da mup,0.0,The Billyonaires,0.0,Regular
1101,13,Tuanon,0.0,Team Chad,0.0,Regular
1102,13,I Am Beyonce Always,0.0,Team Fjöllin,0.0,Regular
1103,13,The Devil and Daniel Jones,0.0,The Big Chungii,0.0,Regular
1104,13,The Brady Bunch,0.0,Clink's Team,0.0,Regular
